,likes_rank
0,50
1,4
2,13
3,2
4,145
5,4
6,10
7,5
8,8
9,37
10,22
11,8
12,3
13,2
14,2
15,7
16,11
17,221
18,1
19,10
20,3
21,3
22,4
23,4
24,4
25,132
26,36
27,538
28,2
29,64
30,49
31,27
32,4
33,8
34,5
35,6
36,40
37,10
38,3
39,23
40,403
41,18
42,7
43,124
44,298
45,35
46,2
47,176
48,12
49,6
50,10
51,17
52,1
53,10
54,4
55,60
56,4
57,1
58,5
59,2
60,57
61,11
62,78
63,6
64,31
65,4
66,13
67,10
68,7
69,541
70,1
71,1
72,42
73,4
74,2
75,30
76,218
77,17
78,4
79,5
80,2
81,14
82,85
83,22
84,8
85,8
86,3
87,66
88,6
89,160
90,6
91,3
92,18
93,2
94,69
95,1
96,42
97,2
98,2
99,4
100,4
101,48
102,7
103,5
104,20
105,403
106,3
107,18
108,3
109,6
110,1
111,1
112,4
113,214
114,13
115,4
116,29
117,5
118,5
119,26
120,10
121,19
122,3
123,6
124,6
125,25
126,18
127,50
128,3
129,46
130,2
131,2
132,17
133,451
134,10
135,5
136,12
137,22
138,30
139,778
140,4
141,6
142,68
143,46
144,148
145,391
146,2
147,7
148,5
149,7
150,22
151,2
152,5
153,35
154,6
155,77
156,3
157,1
158,192
159,19
160,16
161,78
162,14
163,8
164,5
165,1
166,7
167,151
168,3
169,6
170,2
171,6
172,2
173,5
174,3
175,1
176,7
177,14
178,37
179,55
180,9
181,11
182,4
183,5
184,6
185,191
186,8
187,15
188,708
189,66
190,187
191,44
192,63
193,80
194,1
195,12
196,2
197,3
198,27
199,2
200,24
201,6
202,12
203,33
204,33
205,13
206,5
207,57
208,16
209,13
210,9
211,1
212,3
213,3
214,57
215,3
216,3
217,25
218,108
219,39
220,124
221,1
222,1
223,4
224,5
225,443
226,9
227,29
228,20
229,1
230,1
231,6
232,1
233,99
234,17
235,60
236,3
237,2
238,4
239,6
240,2
241,5
242,6
243,9
244,1
245,10
246,4
247,2
248,20
249,3
250,7
251,9
252,2
253,2
254,1
255,50
256,2
257,2
258,120
259,144
260,2
261,2
262,6
263,4
264,21
265,9
266,9
267,2
268,1
269,9
270,144
271,3
272,10
273,41
274,2
275,9
276,2
277,8
278,2
279,7
280,2
281,3
282,2
283,27
284,2
285,3
286,1
287,39
288,72
289,2
290,2
291,6
292,44
293,119
294,7
295,4
296,8
297,5
298,5
299,1
300,3
301,1
302,18
303,3
304,4
305,7
306,2
307,10
308,12
309,1
310,16
311,13
312,51
313,11
314,2
315,8
316,13
317,1
318,2
319,2
320,3
321,1
322,5
323,3
324,1
325,3
326,11
327,3
328,11
329,3
330,1
331,3
332,10
333,5
334,1
335,10
336,5
337,4
338,7
339,1
340,2
341,3
342,20
343,3
344,12
345,1
346,3
347,33
348,12
349,55
350,106
351,2
352,4
353,2
354,3
355,5
356,1
357,14
358,1
359,15
360,4
361,10
362,1
363,2
364,2
365,63
366,1
367,19
368,4
369,1
370,6
371,23
372,2
373,5
374,2
375,49
376,2
377,2
378,2
379,4
380,4
381,2
382,4
383,1
384,8
385,1
386,3
387,80
388,170
389,19
390,1
391,13
392,5
393,7
394,3
395,6
396,7
397,11
398,8
399,5
400,3
401,2
402,87
403,3
404,3
405,6
406,30
407,6
408,3
409,16
410,2
411,31
412,47
413,240
414,6
415,11
416,2
417,3
418,4
419,9
420,3
421,1
422,13
423,10
424,4
425,7
426,64
427,19
428,1
429,21
430,319
431,74
432,94
433,1
434,15
435,4
436,7
437,233
438,9
439,10
440,5
441,139
442,11
443,82
444,37
445,4
446,3
447,6
448,32
449,5
450,9
451,1
452,4
453,4
454,2
455,158
456,35
457,2
458,6
459,6
460,29
461,5
462,9
463,7
464,6
465,6
466,3
467,6
468,75
469,178
470,15
471,4
472,18
473,5
474,43
475,19
476,5
477,220
478,20
479,40
480,13
481,16
482,5
483,1
484,10
485,58
486,55
487,5
488,35
489,8
490,13
491,7
492,186
493,1
494,3
495,11
496,4
497,15
498,3
499,576
500,18
501,33
502,6
503,1
504,17
505,5
506,2
507,4
508,11
509,11
510,1
511,4
512,8
513,1
514,28
515,1
516,1
517,180
518,3
519,2
520,502
521,4
522,11
523,4
524,6
525,2
526,18
527,2
528,3
529,2
530,2
531,9
532,3
533,4
534,8
535,8
536,2
537,2
538,5
539,1
540,4
541,12
542,5
543,7
544,7
545,8
546,2
547,6
548,2
549,7
550,1
551,6
552,4
553,7
554,2
555,4
556,2
557,2
558,7
559,1
560,2
561,7
562,2
563,1
564,12
565,10
566,3
567,2
568,1
569,12
570,7
571,4
572,4
573,80
574,7
575,11
576,14
577,7
578,13
579,6
580,4
581,150
582,2
583,3
584,3
585,7
586,12
587,4
588,15
589,3
590,5
591,3
592,8
593,80
594,15
595,1
596,7
597,3
598,27
599,4
600,2
601,2
602,1
603,6
604,2
605,31
606,6
607,6
608,19
609,6
610,32
611,6
612,10
613,2
614,19
615,129
616,5
617,2
618,2
619,10
620,63
621,5
622,6
623,7
624,3
625,1
626,4
627,3
628,55
629,1
630,10
631,2
632,12
633,5
634,11
635,1
636,56
637,2
638,3
639,5
640,12
641,2
642,1
643,5
644,7
645,5
646,5
647,2
648,2
649,302
650,8
651,11
652,3
653,23
654,162
655,1
656,34
657,1
658,138
659,3
660,22
661,50
662,8
663,7
664,4
665,6
666,2
667,1
668,3
669,1
670,216
671,13
672,3
673,4
674,2
675,1
676,14
677,9
678,5
679,191
680,24
681,4
682,15
683,7
684,18
685,2
686,3
687,140
688,17
689,3
690,2
691,1
692,5
693,4
694,21
695,57
696,4
697,2
698,9
699,4
700,2
701,2
702,4
703,39
704,3
705,2
706,2
707,9
708,4
709,6
710,2
711,79
712,13
713,3
714,23
715,11
716,3
717,2
718,2
719,35
720,17
721,3
722,2
723,8
724,1
725,31
726,22
727,11
728,2
729,7
730,2
731,5
732,6
733,43
734,4
735,1
736,2
737,1
738,3
739,4
740,7
741,10
742,21
743,4
744,9
745,63
746,17
747,6
748,2
749,7
750,5
751,144
752,2
753,6
754,18
755,14
756,9
757,14
758,16
759,1
760,21
761,2
762,8
763,35
764,2
765,2
766,1
767,10
768,2
769,3
770,9
771,83
772,9
773,155
774,3
775,1
776,5
777,7
778,12
779,24
780,2
781,2
782,1
783,3
784,70
785,1
786,1
787,2
788,4
789,68
790,1
791,1
792,13
793,2
794,4
795,4
796,3
797,2
798,7
799,1
800,3
801,9
802,9
803,6
804,5
805,1
806,1
807,6
808,4
809,15
810,25
811,2
812,5
813,1
814,1
815,1
816,3
817,5
818,44
819,8
820,3
821,1
822,36
823,7
824,15
825,10
826,1
827,1
828,3
829,16
830,5
831,2
832,1
833,3
834,543
835,4
836,4
837,9
838,9
839,1
840,7
841,7
842,109
843,4
844,59
845,2
846,5
847,4
848,1
849,4
850,27
851,7
852,1
853,6
854,4
855,37
856,10
857,6
858,2
859,1
860,2
861,2
862,2
863,1
864,3
865,1
866,148
867,151
868,4
869,6
870,2
871,8
872,36
873,2
874,5
875,7
876,3
877,2
878,10
879,7
880,5
881,3
882,4
883,75
884,7
885,3
886,368
887,17
888,161
889,8
890,1
891,3
892,2
893,2
894,9
895,2
896,5
897,5
898,4
899,15
900,38
901,1
902,2
903,3
904,20
905,23
906,6
907,4
908,4
909,51
910,2
911,153
912,2
913,7
914,5
915,13
916,16
917,2
918,24
919,25
920,1
921,26
922,28
923,22
924,2
925,5
926,6
927,247
928,22
929,69
930,5
931,5
932,3
933,3
934,2
935,4
936,2
937,19
938,32
939,3
940,184
941,3
942,1
943,2
944,6
945,1
946,33
947,50
948,17
949,8
950,7
951,5
952,15
953,3
954,11
955,2
956,4
957,3
958,2
959,10
960,10
961,702
962,7
963,11
964,49
965,10
966,3
967,13
968,2
969,11
970,19
971,2
972,4
973,6
974,9
975,6
976,11
977,3
978,4
979,93
980,1
981,63
982,2
983,7
984,1
985,10
986,9
987,8
988,3
989,23
990,1
991,3
992,10
993,106
994,6
995,6
996,36
997,2
998,1
999,3
1000,3
1001,9
1002,3
1003,1
1004,7
1005,8
1006,3
1007,43
1008,9
1009,4
1010,495
1011,83
1012,2
1013,6
1014,2
1015,2
1016,11
1017,2
1018,2
1019,1
1020,12
1021,7
1022,1
1023,3
1024,3
1025,14
1026,9
1027,3
1028,3
1029,130
1030,7
1031,2
1032,2
1033,33
1034,9
1035,15
1036,3
1037,8
1038,13
1039,87
1040,2
1041,253
1042,2
1043,7
1044,8
1045,2
1046,1
1047,1
1048,62
1049,4
1050,6
1051,26
1052,3
1053,4
1054,8
1055,20
1056,2
1057,1
1058,13
1059,6
1060,11
1061,2
1062,1
1063,2
1064,1
1065,1
1066,4
1067,4
1068,4
1069,55
1070,1
1071,1
1072,4
1073,4
1074,40
1075,1
1076,1
1077,5
1078,2
1079,1
1080,1
1081,34
1082,7
1083,3
1084,2
1085,2
1086,1
1087,1
1088,5
1089,20
1090,2
1091,2
1092,3
1093,2
1094,31
1095,4
1096,5
1097,10
1098,11
1099,51
1100,5
1101,4
1102,3
1103,1
1104,4
1105,5
1106,4
1107,10
1108,4
1109,4
1110,3
1111,1
1112,2
1113,16
1114,1
1115,3
1116,4
1117,4
1118,2
1119,3
1120,1
1121,2
1122,2
1123,2
1124,24
1125,3
1126,1
1127,1
1128,6
1129,4
1130,9
1131,2
1132,1
1133,1
1134,1
1135,3
1136,14
1137,1
1138,2
1139,15
1140,3
1141,10
1142,64
1143,4
1144,1
1145,5
1146,16
1147,10
1148,31
1149,47
1150,7
1151,1
1152,1
1153,1
1154,6
1155,2
1156,27
1157,112
1158,18
1159,13
1160,1
1161,10
1162,2
1163,6
1164,2
1165,28
1166,1
1167,2
1168,6
1169,2
1170,1
1171,4
1172,4
1173,6
1174,45
1175,36
1176,2
1177,1
1178,5
1179,2
1180,70
1181,2
1182,2
1183,1
1184,37
1185,4
1186,5
1187,4
1188,5
1189,2
1190,1
1191,2
1192,9
1193,2
1194,1
1195,6
1196,5
1197,1
1198,2
1199,4
1200,1
1201,2
1202,2
1203,1
1204,1
1205,63
1206,2
1207,2
1208,17
1209,1
1210,2
1211,24
1212,1
1213,3
1214,4
1215,1
1216,5
1217,4
1218,2
1219,1
1220,2
1221,16
1222,5
1223,1
1224,17
1225,3
1226,2
1227,4
1228,3
1229,2
1230,1
1231,2
1232,3
1233,5
1234,2
1235,3
1236,18
1237,1
1238,3
1239,3
1240,26
1241,3
1242,9
1243,2
1244,4
1245,6
1246,2
1247,1
1248,5
1249,7
1250,6
1251,1
1252,2
1253,42
1254,1
1255,5
1256,8
1257,3
1258,5
1259,1
1260,15
1261,5
1262,13
1263,4
1264,1
1265,6
1266,1
1267,2
1268,50
1269,14
1270,12
1271,3
1272,2
1273,14
1274,1
1275,1
1276,7
1277,1
1278,24
1279,2
1280,5
1281,1
1282,3
1283,1
1284,3
1285,1
1286,3
1287,7
1288,5
1289,1
1290,8
1291,3
1292,4
1293,1
1294,3
1295,1
1296,3
1297,1
1298,1
1299,11
1300,5
1301,2
1302,1
1303,8
1304,12
1305,1
1306,1
1307,4
1308,7
1309,1
1310,3
1311,2
1312,7
1313,9
1314,4
1315,4
1316,1
1317,33
1318,2
1319,1
1320,16
1321,8
1322,2
1323,2
1324,5
1325,7
1326,2
1327,3
1328,1
1329,5
1330,1
1331,8
1332,16
1333,1
1334,1
1335,5
1336,2
1337,2
1338,9
1339,2
1340,3
1341,2
1342,5
1343,4
1344,2
1345,2
1346,1
1347,3
1348,3
1349,1
1350,4
1351,3
1352,5
1353,2
1354,5
1355,5
1356,2
1357,1
1358,2
1359,6
1360,1
1361,3
1362,1
1363,2
1364,1
1365,9
1366,1
1367,10
1368,3
1369,1
1370,168
1371,6
1372,2
1373,1
1374,1
1375,1
1376,1
1377,14
1378,2
1379,3
1380,1
1381,4
1382,38
1383,6
1384,2
1385,6
1386,3
1387,4
1388,1
1389,1131
1390,1
1391,2
1392,1
1393,2
1394,1
1395,2
1396,4
1397,2
1398,2
1399,156
1400,1
1401,1
1402,6
1403,11
1404,8
1405,5
1406,6
1407,22
1408,1
1409,2
1410,1
1411,7
1412,4
1413,2
1414,1
1415,52
1416,1
1417,2
1418,2
1419,1
1420,8
1421,2
1422,1
1423,3
1424,3
1425,2
1426,2
1427,1
1428,2
1429,8
1430,4
1431,3
1432,7
1433,30
1434,10
1435,126
1436,4
1437,6
1438,3
1439,105
1440,1
1441,3
1442,4
1443,5
1444,5
1445,5
1446,7
1447,5
1448,8
1449,136
1450,10
1451,1
1452,2
1453,171
1454,9
1455,1
1456,1
1457,11
1458,2
1459,4
1460,1
1461,1
1462,1
1463,3
1464,2
1465,4
1466,1
1467,20
1468,24
1469,35
1470,19
1471,135
1472,11
1473,95
1474,4
1475,1
1476,61
1477,3
1478,8
1479,2
1480,3
1481,3
1482,15
1483,3
1484,43
1485,6
1486,27
1487,7
1488,4
1489,3
1490,9
1491,4
1492,3
1493,2
1494,37
1495,5
1496,21
1497,7
1498,21
1499,13
1500,1
1501,1
1502,3
1503,1
1504,3
1505,1
1506,86
1507,2
1508,10
1509,4
1510,1
1511,5
1512,3
1513,1
1514,1
1515,2
1516,1
1517,5
1518,5
1519,2
1520,7
1521,4
1522,1
1523,3
1524,3
1525,2
1526,9
1527,28
1528,7
1529,1
1530,10
1531,4
1532,5
1533,1
1534,7
1535,30
1536,10
1537,6
1538,2
1539,3
1540,2
1541,7
1542,1
1543,4
1544,21
1545,3
1546,1
1547,61
1548,4
1549,2
1550,2
1551,1
1552,9
1553,21
1554,1
1555,3
1556,5
1557,1
1558,2
1559,3
1560,6
1561,15
1562,1
1563,8
1564,174
1565,9
1566,1
1567,3
1568,9
1569,4
1570,2
1571,2
1572,1
1573,1
1574,3
1575,3
1576,2
1577,3
1578,10
1579,5
1580,2
1581,2
1582,7
1583,2
1584,1
1585,29
1586,1
1587,1
1588,13
1589,1
1590,3
1591,1
1592,1
1593,3
1594,13
1595,28
1596,1
1597,5
1598,11
1599,2
1600,2
1601,1
1602,7
1603,16
1604,2
1605,75
1606,16
1607,1
1608,7
1609,5
1610,1
1611,2
1612,49
1613,1
1614,3
1615,1
1616,37
1617,8
1618,9
1619,1
1620,10
1621,2
1622,2
1623,1
1624,3
1625,9
1626,1
1627,3
1628,1
1629,1
1630,1
1631,2
1632,32
1633,1
1634,4
1635,4
1636,7
1637,5
1638,1
1639,5
1640,2
1641,50
1642,1
1643,252
1644,143
1645,39
1646,4
1647,3
1648,7
1649,2
1650,3
1651,286
1652,2
1653,4
1654,3
1655,134
1656,5
1657,1
1658,1
1659,1
1660,1
1661,2
1662,19
1663,2
1664,6
1665,9
1666,10
1667,2
1668,27
1669,3
1670,6
1671,5
1672,33
1673,2
1674,2
1675,1
1676,1
1677,2
1678,10
1679,3
1680,4
1681,1
1682,1
1683,361
1684,568
1685,3
1686,9
1687,2
1688,1
1689,5
1690,3
1691,18
1692,2
1693,27
1694,3
1695,1
1696,1
1697,3
1698,5
1699,5
1700,10
1701,1
1702,4
1703,1
1704,3
1705,1
1706,4
1707,3
1708,1
1709,2
1710,17
1711,11
1712,7
1713,12
1714,2
1715,2
1716,7
1717,1
1718,12
1719,3
1720,1
1721,1
1722,1
1723,8
1724,2
1725,5
1726,6
1727,4
1728,5
1729,68
1730,1
1731,2
1732,9
1733,1
1734,3
1735,5
1736,1
1737,3
1738,15
1739,1
1740,2
1741,1
1742,4
1743,5
1744,4
1745,2
1746,2
1747,7
1748,29
1749,3
1750,15
1751,3
1752,1
1753,9
1754,1
1755,2
1756,4
1757,1
1758,2
1759,25
1760,14
1761,7
1762,3
1763,4
1764,5
1765,1
1766,4
1767,14
1768,1
1769,3
1770,3
1771,4
1772,1
1773,8
1774,4
1775,5
1776,1
1777,6
1778,2
1779,22
1780,2
1781,1
1782,17
1783,4
1784,1
1785,13
1786,1
1787,4
1788,1
1789,1
1790,4
1791,10
1792,2
1793,1
1794,1
1795,5
1796,2
1797,1
1798,2
1799,4
1800,2
1801,2
1802,9
1803,1
1804,5
1805,4
1806,1
1807,5
1808,57
1809,9
1810,19
1811,4
1812,6
1813,17
1814,3
1815,1
1816,5
1817,26
1818,3
1819,3
1820,5
1821,1
1822,7
1823,2
1824,2
1825,1
1826,2
1827,2
1828,19
1829,1
1830,2
1831,2
1832,2
1833,1
1834,23
1835,2
1836,1
1837,1
1838,1
1839,2
1840,1
1841,4
1842,1
1843,31
1844,4
1845,1
1846,2
1847,6
1848,3
1849,4
1850,5
1851,50
1852,2
1853,2
1854,2
1855,61
1856,8
1857,1
1858,4
1859,23
1860,5
1861,1
1862,5
1863,4
1864,21
1865,33
1866,5
1867,3
1868,33
1869,4
1870,2
1871,85
1872,5
1873,2
1874,6
1875,6
1876,2
1877,8
1878,4
1879,2
1880,3
1881,2
1882,6
1883,38
1884,1
1885,5
1886,1
1887,4
1888,3
1889,243
1890,2
1891,12
1892,3
1893,2
1894,1
1895,9
1896,125
1897,1
1898,2
1899,4
1900,8
1901,1
1902,1
1903,5
1904,2
1905,1
1906,6
1907,10
1908,26
1909,65
1910,1
1911,2
1912,15
1913,15
1914,16
1915,1
1916,44
1917,1
1918,3
1919,5
1920,2
1921,3
1922,4
1923,1
1924,82
1925,12
1926,8
1927,9
1928,2
1929,6
1930,3
1931,1
1932,1
1933,2
1934,4
1935,1
1936,3
1937,41
1938,1
1939,13
1940,1
1941,1
1942,1
1943,9
1944,2
1945,2
1946,9
1947,44
1948,4
1949,30
1950,4
1951,15
1952,2
1953,23
1954,3
1955,2
1956,12
1957,4
1958,4
1959,6
1960,1
1961,3
1962,2
1963,2
1964,3
1965,1
1966,8
1967,145
1968,1
1969,28
1970,1
1971,1
1972,47
1973,17
1974,1
1975,23
1976,1
1977,3
1978,13
1979,1
1980,3
1981,4
1982,2
1983,1
1984,6
1985,2
1986,1
1987,1
1988,1
1989,181
1990,16
1991,1
1992,37
1993,6
1994,1
1995,3
1996,1
1997,2
1998,5
1999,5
2000,1
2001,1
2002,4
2003,1
2004,80
2005,1
2006,18
2007,1
2008,3
2009,2
2010,2
2011,2
2012,1
2013,1
2014,2
2015,1
2016,6
2017,4
2018,2
2019,2
2020,1
2021,1
2022,1
2023,1
2024,1
2025,1
2026,1
2027,1
2028,2
2029,1
2030,5
2031,1
2032,3
2033,4
2034,4
2035,2
2036,5
2037,1
2038,2
2039,2
2040,1
2041,1
2042,2
2043,1
2044,1
2045,1
2046,1
2047,1
2048,2
2049,1
2050,8
2051,1
2052,1
2053,1
2054,1
2055,27
2056,2
2057,24
2058,2
2059,7
2060,19
2061,12
2062,1
2063,3
2064,1
2065,2
2066,2
2067,2
2068,4
2069,2
2070,2
2071,1
2072,1
2073,1
2074,1
2075,3
2076,3
2077,1
2078,5
2079,1
2080,2
2081,1
2082,20
2083,2
2084,1
2085,107
2086,1
2087,3
2088,1
2089,36
2090,2
2091,1
2092,1
2093,3
2094,1
2095,9
2096,1
2097,10
2098,3
2099,3
2100,6
2101,21
2102,1
2103,3
2104,1
2105,10
2106,2
2107,11
2108,1
2109,37
2110,21
2111,4
2112,10
2113,1
2114,1
2115,6
2116,1
2117,2
2118,2
2119,1
2120,229
2121,171
2122,1
2123,1
2124,6
2125,3
2126,5
2127,17
2128,5
2129,28
2130,2
2131,3
2132,5
2133,3
2134,1
2135,4
2136,2
2137,27
2138,3
2139,1
2140,1
2141,324
2142,25
2143,21
2144,1
2145,136
2146,1
2147,47
2148,6
2149,52
2150,13
2151,25
2152,2
2153,46
2154,1
2155,1
2156,6
2157,150
2158,1
2159,1
2160,1
2161,12
2162,156
2163,1
2164,1
2165,1
2166,1
2167,19
2168,1
2169,2
2170,15
2171,24
2172,2
2173,11
2174,7
2175,1
2176,2
2177,1
2178,1
2179,16
2180,3
2181,3
2182,20
2183,1
2184,2
2185,2
2186,3
2187,4
2188,2
2189,6
2190,4
2191,1
2192,27
2193,2
2194,1
2195,12
2196,3
2197,16
2198,2
2199,1
2200,11
2201,1
2202,3
2203,2
2204,1
2205,1
2206,1
2207,1
2208,11
2209,11
2210,8
2211,2
2212,1
2213,1
2214,10
2215,2
2216,2
2217,5
2218,14
2219,25
2220,3
2221,3
2222,2
2223,1
2224,1
2225,1
2226,2
2227,2
2228,16
2229,1
2230,1
2231,1
2232,1
2233,1
2234,1
2235,1
2236,4
2237,9
2238,13
2239,2
2240,32
2241,3
2242,2
2243,9
2244,1
2245,1
2246,3
2247,3
2248,2
2249,8
2250,9
2251,1
2252,7
2253,1
2254,2
2255,25
2256,1
2257,1
2258,4
2259,7
2260,1
2261,3
2262,3
2263,1
2264,8
2265,1
2266,52
2267,1
2268,1
2269,4
2270,4
2271,1
2272,7
2273,1
2274,1
2275,19
2276,4
2277,6
2278,15
2279,1
2280,1
2281,4
2282,2
2283,5
2284,1
2285,8
2286,9
2287,6
2288,2
2289,40
2290,11
2291,3
2292,298
2293,2
2294,2
2295,2
2296,7
2297,2
2298,4
2299,1
2300,1
2301,1
2302,2
2303,1
2304,152
2305,1
2306,1
2307,1
2308,10
2309,5
2310,2
2311,31
2312,277
2313,12
2314,10
2315,4
2316,12
2317,14
2318,8
2319,4
2320,3
2321,1
2322,25
2323,16
2324,4
2325,31
2326,1
2327,4
2328,1
2329,4
2330,1
2331,2
2332,1
2333,1
2334,83
2335,1
2336,10
2337,77
2338,5
2339,2
2340,2
2341,1
2342,20
2343,2
2344,1
2345,3
2346,1
2347,1
2348,22
2349,2
2350,1
2351,3
2352,1
2353,3
2354,3
2355,1
2356,1
2357,5
2358,2
2359,2
2360,2
2361,1
2362,2
2363,3
2364,1
2365,2
2366,2
2367,1
2368,2
2369,1
2370,2
2371,1
2372,1
2373,1
2374,1
2375,36
2376,1
2377,1
2378,8
2379,9
2380,2
2381,6
2382,6
2383,5
2384,1
2385,2
2386,1
2387,3
2388,3
2389,17
2390,5
2391,1
2392,2
2393,2
2394,1
2395,1
2396,1
2397,1
2398,1
2399,1
2400,1
2401,1
2402,1
2403,2
2404,20
2405,12
2406,1
2407,17
2408,1
2409,2
2410,1
2411,2
2412,2
2413,2
2414,1
2415,1
2416,2
2417,1
2418,17
2419,4
2420,13
2421,1
2422,1
2423,3
2424,59
2425,1
2426,1
2427,65
2428,6
2429,3
2430,5
2431,3
2432,90
2433,4
2434,1
2435,1
2436,1
2437,1
2438,84
2439,1
2440,1
2441,3
2442,1
2443,12
2444,1
2445,1
2446,1
2447,6
2448,1
2449,1
2450,3
2451,64
2452,1
2453,2
2454,2
2455,1
2456,2
2457,6
2458,47
2459,2
2460,1
2461,40
2462,1
2463,1
2464,1
2465,4
2466,2
2467,1
2468,1
2469,3
2470,3
2471,5
2472,5
2473,1
2474,1
2475,1
2476,1
2477,1
2478,1
2479,2
2480,1
2481,385
2482,164
2483,5
2484,5
2485,2
2486,1
2487,1
2488,41
2489,7
2490,2
2491,3
2492,5
2493,2
2494,23
2495,61
2496,3
2497,2
2498,1
2499,2
2500,14
2501,5
2502,1
2503,9
2504,2
2505,1
2506,1
2507,4
2508,7
2509,3
2510,3
2511,4
2512,1
2513,1
2514,11
2515,1
2516,1
2517,6
2518,2
2519,23
2520,272
2521,1
2522,1
2523,3
2524,17
2525,2
2526,18
2527,28
2528,5
2529,49
2530,3
2531,1
2532,74
2533,1
2534,1
2535,1
2536,37
2537,1
2538,1
2539,1
2540,39
2541,1
2542,3
2543,7
2544,2
2545,5
2546,2
2547,1
2548,5
2549,1
2550,2
2551,1
2552,2
2553,1
2554,19
2555,56
2556,4
2557,1
2558,1
2559,1
2560,3
2561,1
2562,2
2563,5
2564,3
2565,4
2566,2
2567,1
2568,1
2569,5
2570,1
2571,114
2572,5
2573,5
2574,3
2575,1
2576,1
2577,6
2578,1
2579,2
2580,2
2581,8
2582,2
2583,7
2584,18
2585,4
2586,1
2587,1
2588,1
2589,1
2590,1
2591,2
2592,1
2593,1
2594,5
2595,1
2596,1
2597,2
2598,3
2599,7
2600,23
2601,4
2602,2
2603,1
2604,2
2605,49
2606,11
2607,4
2608,1
2609,1
2610,9
2611,2
2612,6
2613,1
2614,6
2615,1
2616,2
2617,1
2618,8
2619,1
2620,19
2621,1
2622,3
2623,1
2624,2
2625,5
2626,2
2627,2
2628,16
2629,2
2630,1
2631,1
2632,1
2633,1
2634,73
2635,1
2636,1
2637,6
2638,1
2639,1
2640,9
2641,1
2642,1
2643,1
2644,4
2645,1
2646,2
2647,1
2648,2
2649,8
2650,1
2651,1
2652,3
2653,40
2654,1
2655,22
2656,1
2657,6
2658,11
2659,1
2660,3
2661,15
2662,2
2663,5
2664,2
2665,1
2666,4
2667,4
2668,3
2669,3
2670,4
2671,38
2672,1
2673,14
2674,22
2675,13
2676,97
2677,78
2678,4
2679,1
2680,4
2681,1
2682,2
2683,10
2684,2
2685,4
2686,83
2687,4
2688,1
2689,6
2690,82
2691,3
2692,1
2693,1
2694,5
2695,11
2696,1
2697,1
2698,2
2699,1
2700,1
2701,1
2702,20
2703,1
2704,2
2705,3
2706,2
2707,1
2708,3
2709,1
2710,2
2711,7
2712,1
2713,2
2714,24
2715,2
2716,2
2717,1
2718,9
2719,13
2720,39
2721,38
2722,5
2723,8
2724,1
2725,8
2726,1
2727,7
2728,1
2729,57
2730,1
2731,1
2732,2
2733,1
2734,2
2735,1
2736,4
2737,43
2738,1
2739,1
2740,1
2741,1
2742,6
2743,251
2744,5
2745,6
2746,168
2747,147
2748,68
2749,7
2750,1
2751,9
2752,41
2753,11
2754,34
2755,2
2756,7
2757,40
2758,1
2759,20
2760,29
2761,8
2762,32
2763,9
2764,113
2765,17
2766,9
2767,71
2768,22
2769,50
2770,4
2771,20
2772,31
2773,4
2774,1
2775,6
2776,8
2777,11
2778,1
2779,1
2780,1
2781,30
2782,5
2783,12
2784,56
2785,10
2786,20
2787,9
2788,4
2789,14
2790,35
2791,10
2792,59
2793,4
2794,11
2795,5
2796,11
2797,23
2798,13
2799,12
2800,4
2801,4
2802,2
2803,4
2804,8
2805,2
2806,6
2807,13
2808,18
2809,3
2810,6
2811,4
2812,11
2813,3
2814,12
2815,13
2816,5
2817,17
2818,21
2819,8
2820,11
2821,4
2822,41
2823,35
2824,4
2825,3
2826,6
2827,160
2828,13
2829,1
2830,3
2831,6
2832,96
2833,19
2834,49
2835,3
2836,188
2837,16
2838,4
2839,66
2840,6
2841,43
2842,12
2843,4
2844,3
2845,4
2846,4
2847,7
2848,1
2849,5
2850,5
2851,5
2852,2
2853,3
2854,7
2855,3
2856,5
2857,6
2858,5
2859,2
2860,26
2861,7
2862,4
2863,57
2864,17
2865,1
2866,25
2867,94
2868,223
2869,18
2870,152
2871,9
2872,60
2873,161
2874,28
2875,42
2876,1
2877,47
2878,239
2879,5
2880,238
2881,125
2882,1
2883,45
2884,95
2885,10
2886,44
2887,18
2888,100
2889,12
2890,1
2891,3
2892,1
2893,1
2894,14
2895,1
2896,3
2897,1
2898,1
2899,1
2900,1
2901,1
2902,1
2903,1
2904,1
2905,5
2906,4
2907,1
2908,11
2909,8
2910,1
2911,22
2912,7
2913,6
2914,2
2915,4
2916,1
2917,1
2918,4
2919,1
2920,2
2921,2
2922,12
2923,1
2924,6
2925,1
2926,4
2927,1
2928,63
2929,2
2930,1
2931,4
2932,1
2933,1
2934,1
2935,1
2936,2
2937,29
2938,1
2939,1
2940,1
2941,8
2942,2
2943,1
2944,2
2945,6
2946,8
2947,2
2948,30
2949,1
2950,1
2951,2
2952,3
2953,1
2954,1
2955,2
2956,42
2957,8
2958,3
2959,1
2960,1
2961,1
2962,1
2963,1
2964,1
2965,15
2966,13
2967,1
2968,1
2969,1
2970,1
2971,27
2972,1
2973,3
2974,1
2975,1
2976,4
2977,1
2978,1
2979,2
2980,1
2981,1
2982,3
2983,1
2984,1
2985,1
2986,1
2987,2
2988,1
2989,1
2990,1
2991,5
2992,1
2993,4
2994,3
2995,1
2996,2
2997,1
2998,1
2999,1
3000,6
3001,1
3002,2
3003,2
3004,1
3005,1
3006,2
3007,1
3008,28
3009,1
3010,1
3011,1
3012,2
3013,4
3014,1
3015,1
3016,1
3017,4
3018,3
3019,1
3020,5
3021,1
3022,1
3023,1
3024,4
3025,2
3026,4
3027,2
3028,1
3029,1
3030,72
3031,9
3032,2
3033,1
3034,3
3035,2
3036,2
3037,4
3038,1
3039,1
3040,1
3041,2
3042,1
3043,1
3044,8
3045,1
3046,1
3047,1
3048,1
3049,1
3050,2
3051,1
3052,1
3053,2
3054,1
3055,226
3056,50
3057,1
3058,39
3059,2
3060,1
3061,105
3062,1
3063,1
3064,1
3065,1
3066,1
3067,59
3068,1
3069,1
3070,2
3071,1
3072,1
3073,1
3074,2
3075,2
3076,14
3077,1
3078,1
3079,2
3080,9
3081,44
3082,35
3083,1
3084,4
3085,1
3086,2
3087,1
3088,8
3089,108
3090,1
3091,111
3092,1
3093,1
3094,7
3095,1
3096,1
3097,26
3098,1
3099,2
3100,2
3101,114
3102,1
3103,1
3104,1
3105,3
3106,1
3107,1
3108,1
3109,1
3110,1
3111,1
3112,2
3113,1
3114,1
3115,1
3116,1
3117,1
3118,1
3119,1
3120,2
3121,7
3122,1
3123,3
3124,1
3125,9
3126,20
3127,5
3128,1
3129,1
3130,3
3131,3
3132,1
3133,2
3134,215
3135,4
3136,2
3137,2
3138,2
3139,1
3140,10
3141,2
3142,2
3143,1
3144,4
3145,1
3146,2
3147,1
3148,1
3149,1
3150,1
3151,1
3152,1
3153,2
3154,1
3155,1
3156,1
3157,182
3158,2
3159,1
3160,1
3161,2
3162,2
3163,1
3164,1
3165,2
3166,50
3167,1
3168,1
3169,23
3170,1
3171,1
3172,1
3173,1
3174,1
3175,1
3176,3
3177,1
3178,2
3179,2
3180,1
3181,2
3182,6
3183,7
3184,2
3185,1
3186,3
3187,3
3188,4
3189,1
3190,1
3191,3
3192,4
3193,1
3194,8
3195,1
3196,11
3197,1
3198,2
3199,1
3200,2
3201,1
3202,1
3203,1
3204,1
3205,3
3206,2
3207,1
3208,1
3209,1
3210,2
3211,1
3212,1
3213,12
3214,1
3215,1
3216,5
3217,1
3218,1
3219,2
3220,2
3221,1
3222,1
3223,1
3224,2
3225,6
3226,1
3227,1
3228,1
3229,1
3230,1
3231,1
3232,7
3233,1
3234,2
3235,1
3236,3
3237,1
3238,10
3239,1
3240,2
3241,1
3242,1
3243,1
3244,1
3245,1
3246,1
3247,1
3248,2
3249,377
3250,1
3251,27
3252,1
3253,1
3254,20
3255,6
3256,1
3257,1
3258,1
3259,23
3260,1
3261,1
3262,1
3263,1
3264,72
3265,5
3266,1
3267,12
3268,3
3269,1
3270,1
3271,10
3272,1
3273,1
3274,1
3275,1
3276,1
3277,1
3278,1
3279,1
3280,1
3281,4
3282,6
3283,1
3284,1
3285,1
3286,1
3287,1
3288,1
3289,1
3290,1
3291,1
3292,2
3293,1
3294,1
3295,1
3296,1
3297,2
3298,3
3299,4
3300,1
3301,4
3302,11
3303,1
3304,1
3305,2
3306,1
3307,1
3308,7
3309,11
3310,1
3311,4
3312,11
3313,6
3314,1
3315,1
3316,23
3317,1
3318,1
3319,1
3320,1
3321,2
3322,1
3323,1
3324,1
3325,1
3326,1
3327,1
3328,1
3329,1
3330,1
3331,1
3332,1
3333,1
3334,11
3335,1
3336,1
3337,31
3338,30
3339,1
3340,12
3341,1
3342,32
3343,2
3344,1
3345,1
3346,2
3347,1
3348,3
3349,1
3350,1
3351,1
3352,8
3353,7
3354,10
3355,1
3356,1
3357,1
3358,2
3359,1
3360,1
3361,1
3362,1
3363,2
3364,1
3365,1
3366,1
3367,1
3368,3
3369,1
3370,1
3371,1
3372,1
3373,1
3374,6
3375,2
3376,1
3377,1
3378,1
3379,1
3380,1
3381,2
3382,1
3383,17
3384,2
3385,1
3386,1
3387,1
3388,1
3389,1
3390,1
3391,1
3392,1
3393,6
3394,2
3395,1
3396,4
3397,1
3398,10
3399,12
3400,21
3401,1
3402,1
3403,1
3404,62
3405,1
3406,2
3407,1
3408,1
3409,2
3410,36
3411,1
3412,1
3413,1
3414,4
3415,1
3416,2
3417,1
3418,9
3419,1
3420,1
3421,1
3422,1
3423,1
3424,10
3425,3
3426,1
3427,1
3428,1
3429,15
3430,37
3431,35
3432,1
3433,1
3434,1
3435,16
3436,2
3437,1
3438,1
3439,1
3440,3
3441,1
3442,1
3443,1
3444,149
3445,3
3446,1
3447,17
3448,8
3449,1
3450,4
3451,1
3452,7
3453,1
3454,3
3455,1
3456,4
3457,2
3458,1
3459,1
3460,1
3461,1
3462,1
3463,1
3464,1
3465,1
3466,1
3467,1
3468,1
3469,1
3470,1
3471,1
3472,12
3473,1
3474,1
3475,7
3476,9
3477,6
3478,1
3479,188
3480,23
3481,1
3482,1
3483,3
3484,1
3485,1
3486,2
3487,1
3488,6
3489,1
3490,1
3491,4
3492,1
3493,1
3494,1
3495,2
3496,1
3497,1
3498,2
3499,8
3500,2
3501,1
3502,1
3503,1
3504,1
3505,1
3506,1
3507,1
3508,1
3509,14
3510,1
3511,1
3512,1
3513,1
3514,2
3515,1
3516,6
3517,1
3518,1
3519,1
3520,1
3521,7
3522,1
3523,1
3524,1
3525,9
3526,4
3527,121
3528,1
3529,9
3530,8
3531,5
3532,20
3533,4
3534,27
3535,1
3536,23
3537,40
3538,167
3539,2
3540,31
3541,44
3542,2
3543,1
3544,71
3545,7
3546,7
3547,2
3548,6
3549,31
3550,7
3551,35
3552,57
3553,9
3554,2
3555,19
3556,17
3557,2
3558,28
3559,1
3560,2
3561,1
3562,1
3563,3
3564,7
3565,1
3566,21
3567,1
3568,10
3569,37
3570,8
3571,67
3572,29
3573,9
3574,8
3575,19
3576,2
3577,818
3578,11
3579,6
3580,9
3581,6
3582,17
3583,54
3584,21
3585,3
3586,1
3587,25
3588,9
3589,5
3590,133
3591,1
3592,4
3593,6
3594,37
3595,2
3596,5
3597,37
3598,19
3599,48
3600,10
3601,2
3602,23
3603,7
3604,7
3605,18
3606,13
3607,20
3608,170
3609,1
3610,4
3611,2
3612,3
3613,17
3614,1
3615,5
3616,2
3617,99
3618,5
3619,60
3620,11
3621,10
3622,1
3623,59
3624,2
3625,11
3626,9
3627,3
3628,11
3629,295
3630,56
3631,2
3632,71
3633,25
3634,5
3635,3
3636,2
3637,7
3638,2
3639,68
3640,1
3641,6
3642,63
3643,3
3644,3
3645,1
3646,5
3647,1
3648,7
3649,2
3650,42
3651,21
3652,10
3653,6
3654,1
3655,1
3656,12
3657,1
3658,11
3659,10
3660,5
3661,19
3662,16
3663,85
3664,27
3665,1
3666,2
3667,2
3668,2
3669,1
3670,13
3671,6
3672,1
3673,172
3674,19
3675,20
3676,3
3677,2
3678,1
3679,4
3680,2
3681,10
3682,5
3683,4
3684,1
3685,1
3686,6
3687,1
3688,3
3689,2
3690,1
3691,1
3692,1
3693,1
3694,16
3695,21
3696,1
3697,292
3698,22
3699,1
3700,2
3701,1
3702,3
3703,97
3704,45
3705,1
3706,4
3707,1
3708,5
3709,5
3710,2
3711,4
3712,1
3713,3
3714,7
3715,1
3716,10
3717,4
3718,2
3719,9
3720,7
3721,7
3722,74
3723,665
3724,25
3725,61
3726,5
3727,1
3728,6
3729,14
3730,2
3731,18
3732,1
3733,3
3734,2
3735,7
3736,2
3737,2
3738,1
3739,2
3740,27
3741,60
3742,29
3743,24
3744,8
3745,14
3746,10
3747,2
3748,7
3749,20
3750,158
3751,9
3752,8
3753,3
3754,4
3755,2
3756,7
3757,46
3758,31
3759,13
3760,3
3761,3
3762,10
3763,46
3764,5
3765,4
3766,33
3767,38
3768,19
3769,38
3770,8
3771,6
3772,2
3773,19
3774,37
3775,2
3776,61
3777,13
3778,2
3779,79
3780,1
3781,1
3782,1
3783,3
3784,2
3785,13
3786,5
3787,2
3788,1
3789,25
3790,1
3791,1
3792,3
3793,6
3794,1
3795,1
3796,4
3797,1
3798,77
3799,129
3800,10
3801,4
3802,1
3803,1
3804,57
3805,1
3806,1
3807,1
3808,3
3809,1
3810,1
3811,1
3812,15
3813,1
3814,1
3815,1
3816,140
3817,7
3818,47
3819,1
3820,1
3821,1
3822,1
3823,2
3824,1
3825,1
3826,1
3827,1
3828,28
3829,1
3830,1
3831,1
3832,2
3833,1
3834,1
3835,1
3836,1
3837,2
3838,1
3839,1
3840,2
3841,1
3842,1
3843,2
3844,1
3845,36
3846,1
3847,1
3848,2
3849,1
3850,1
3851,1
3852,1
3853,1
3854,1
3855,1
3856,1
3857,1
3858,1
3859,35
3860,1
3861,1
3862,1
3863,1
3864,1
3865,1
3866,1
3867,1
3868,1
3869,1
3870,2
3871,36
3872,1
3873,1
3874,1
3875,1
3876,4
3877,1
3878,1
3879,2
3880,2
3881,1
3882,1
3883,7
3884,1
3885,1
3886,1
3887,1
3888,1
3889,6
3890,1
3891,1
3892,1
3893,1
3894,1
3895,1
3896,2
3897,1
3898,1
3899,1
3900,1
3901,1
3902,1
3903,1
3904,1
3905,1
3906,1
3907,1
3908,1
3909,1
3910,1
3911,1
3912,1
3913,1
3914,2
3915,1
3916,1
3917,1
3918,1
3919,1
3920,1
3921,1
3922,1
3923,1
3924,1
3925,1
3926,1
3927,1
3928,1
3929,1
3930,1
3931,1
3932,1
3933,1
3934,1
3935,1
3936,1
3937,1
3938,1
3939,1
3940,1
3941,55
3942,1
3943,1
3944,2
3945,1
3946,1
3947,1
3948,1
3949,1
3950,1
3951,1
3952,1
3953,1
3954,1
3955,1
3956,1
3957,1
3958,1
3959,1
3960,1
3961,1
3962,1
3963,1
3964,1
3965,1
3966,1
3967,47
3968,1
3969,1
3970,1
3971,1
3972,1
3973,1
3974,1
3975,1
3976,1
3977,6
3978,61
3979,3
3980,143
3981,1
3982,16
3983,13
3984,1
3985,1
3986,38
3987,33
3988,1
3989,1
3990,51
3991,15
3992,67
3993,10
3994,1
3995,1
3996,5
3997,4
3998,1
3999,1
4000,9
4001,3
4002,16
4003,132
4004,98
4005,1
4006,5
4007,3
4008,1
4009,5
4010,6
4011,16
4012,1
4013,26
4014,645
4015,1
4016,82
4017,8
4018,534
4019,109
4020,1
4021,1
4022,1
4023,1
4024,104
4025,1
4026,1
4027,1
4028,1
4029,1
4030,1
4031,1
4032,1
4033,1
4034,1
4035,1
4036,1
4037,1
4038,1
4039,1
4040,1
4041,1
4042,2
4043,2
4044,1
4045,1
4046,1
4047,1
4048,1
4049,1
4050,1
4051,1
4052,1
4053,2
4054,1
