,likes
0,24784
1,1814
2,6342
3,935
4,72170
5,1693
6,4839
7,2272
8,3753
9,18164
10,10956
11,3542
12,1101
13,800
14,833
15,3222
16,5068
17,110325
18,411
19,4595
20,1365
21,1029
22,1790
23,1870
24,1986
25,65963
26,17882
27,268628
28,811
29,31512
30,24171
31,13471
32,1744
33,3746
34,2294
35,2610
36,19662
37,4783
38,1439
39,11437
40,201466
41,8978
42,3357
43,61566
44,148914
45,17140
46,741
47,87765
48,5980
49,2986
50,4646
51,8353
52,392
53,4584
54,1602
55,29529
56,1798
57,209
58,2389
59,975
60,28073
61,5468
62,38967
63,2902
64,15033
65,1823
66,6260
67,4851
68,3289
69,270411
70,189
71,205
72,20586
73,1654
74,974
75,14522
76,108547
77,8147
78,1660
79,2268
80,609
81,6814
82,42377
83,10909
84,3981
85,3753
86,1428
87,32923
88,2651
89,79884
90,2931
91,1303
92,8536
93,692
94,34485
95,264
96,20634
97,581
98,736
99,1625
100,1830
101,23968
102,3428
103,2300
104,9826
105,201231
106,1091
107,8910
108,1132
109,2697
110,180
111,312
112,1844
113,106858
114,6021
115,1607
116,14449
117,2331
118,2187
119,12734
120,4778
121,9487
122,1197
123,2671
124,2620
125,12173
126,8535
127,24920
128,1314
129,22580
130,698
131,741
132,8434
133,225322
134,4685
135,2282
136,5821
137,10649
138,14681
139,388952
140,1947
141,2541
142,33762
143,22835
144,73695
145,195331
146,759
147,3155
148,2247
149,3336
150,10889
151,905
152,2045
153,17241
154,2949
155,38246
156,1016
157,124
158,95571
159,9197
160,7641
161,38616
162,6645
163,3517
164,2249
165,282
166,3417
167,75276
168,1331
169,2650
170,979
171,2744
172,541
173,2091
174,1420
175,255
176,3313
177,6561
178,18478
179,27323
180,4412
181,5454
182,1795
183,2375
184,2511
185,95331
186,3705
187,7338
188,353724
189,32840
190,93118
191,21842
192,31453
193,39761
194,107
195,5594
196,811
197,1494
198,13486
199,675
200,11872
201,2800
202,5769
203,16344
204,16382
205,6230
206,2334
207,28401
208,7507
209,6198
210,4304
211,335
212,1386
213,1168
214,28083
215,1422
216,1369
217,12368
218,53608
219,19128
220,61676
221,156
222,288
223,1879
224,2006
225,221425
226,4029
227,14072
228,9608
229,0
230,384
231,2731
232,275
233,49192
234,8159
235,29612
236,1226
237,807
238,1949
239,2592
240,547
241,2243
242,2826
243,4035
244,363
245,4538
246,1761
247,971
248,9887
249,1159
250,3386
251,4089
252,732
253,519
254,357
255,24629
256,863
257,502
258,59574
259,71504
260,827
261,706
262,2724
263,1830
264,10310
265,4428
266,4135
267,818
268,77
269,4443
270,71685
271,1436
272,4671
273,20332
274,701
275,4068
276,954
277,3718
278,701
279,3313
280,509
281,1465
282,572
283,13273
284,752
285,1168
286,283
287,19448
288,35665
289,637
290,947
291,2930
292,21991
293,59077
294,3069
295,1992
296,3620
297,2422
298,2060
299,318
300,1363
301,270
302,8917
303,1134
304,1564
305,3148
306,519
307,4543
308,5807
309,492
310,7689
311,6456
312,25084
313,5188
314,609
315,3563
316,6479
317,70
318,922
319,514
320,1344
321,399
322,2232
323,1172
324,65
325,1124
326,5041
327,1318
328,5242
329,1195
330,448
331,1154
332,4793
333,2035
334,43
335,4847
336,2094
337,1631
338,3356
339,338
340,776
341,1207
342,9770
343,1103
344,5813
345,432
346,1195
347,16059
348,5895
349,27289
350,52984
351,634
352,1624
353,679
354,1111
355,2020
356,394
357,6932
358,79
359,7190
360,1859
361,4907
362,0
363,689
364,997
365,31319
366,200
367,9019
368,1842
369,274
370,2547
371,11372
372,502
373,2139
374,859
375,24307
376,554
377,536
378,588
379,1638
380,1905
381,520
382,1897
383,134
384,3723
385,203
386,1445
387,39994
388,84552
389,9111
390,0
391,6330
392,2006
393,3059
394,1189
395,2907
396,3242
397,5495
398,3677
399,2348
400,1481
401,585
402,43106
403,1201
404,1264
405,2656
406,14557
407,2572
408,1193
409,7821
410,969
411,15186
412,23127
413,119522
414,2870
415,5407
416,794
417,1237
418,1799
419,4118
420,1222
421,326
422,6202
423,4514
424,1607
425,3322
426,31976
427,9169
428,167
429,10086
430,159285
431,36598
432,46853
433,0
434,7320
435,1615
436,3107
437,116460
438,4335
439,4673
440,2404
441,69402
442,5039
443,40959
444,18231
445,1712
446,1027
447,2625
448,15639
449,2357
450,4070
451,44
452,1915
453,1580
454,777
455,78687
456,17132
457,705
458,2974
459,2911
460,14092
461,2047
462,4194
463,3448
464,2905
465,2773
466,1230
467,2599
468,37430
469,88891
470,7434
471,1768
472,8706
473,2016
474,21443
475,9473
476,2090
477,109920
478,9747
479,19560
480,6405
481,7946
482,2020
483,389
484,4893
485,28991
486,27131
487,2460
488,17249
489,3816
490,6233
491,3143
492,92681
493,156
494,1171
495,5241
496,1518
497,7404
498,1368
499,287688
500,8946
501,16351
502,2548
503,0
504,8155
505,2489
506,658
507,1508
508,5166
509,5150
510,190
511,1709
512,3774
513,0
514,13509
515,383
516,305
517,89991
518,1151
519,829
520,250847
521,1571
522,5263
523,1932
524,2699
525,847
526,8954
527,797
528,1207
529,781
530,685
531,4066
532,1037
533,1518
534,3739
535,3833
536,519
537,674
538,2477
539,208
540,1626
541,5562
542,2445
543,3150
544,3426
545,3500
546,887
547,2721
548,796
549,3112
550,302
551,2679
552,1681
553,3480
554,511
555,1914
556,515
557,843
558,3168
559,92
560,732
561,3067
562,886
563,0
564,5578
565,4901
566,1391
567,781
568,104
569,5997
570,3470
571,1631
572,1866
573,39947
574,3262
575,5075
576,6511
577,3074
578,6230
579,2627
580,1786
581,74850
582,819
583,1094
584,1268
585,3267
586,5555
587,1932
588,7497
589,1023
590,2288
591,1323
592,3948
593,39911
594,7377
595,339
596,3172
597,1303
598,13083
599,1646
600,804
601,858
602,144
603,2643
604,902
605,15119
606,2619
607,2953
608,9301
609,2507
610,15692
611,2866
612,4817
613,648
614,9135
615,64154
616,2166
617,526
618,811
619,4971
620,31103
621,2032
622,2727
623,3364
624,1041
625,214
626,1938
627,1375
628,27443
629,488
630,4887
631,628
632,5620
633,2380
634,5280
635,380
636,27587
637,510
638,1421
639,2085
640,5813
641,632
642,473
643,2074
644,3081
645,2410
646,2057
647,968
648,755
649,150774
650,3778
651,5144
652,1463
653,11146
654,80999
655,267
656,16931
657,254
658,68535
659,1175
660,10609
661,24508
662,3608
663,3125
664,1804
665,2545
666,518
667,154
668,1190
669,191
670,107524
671,6399
672,1265
673,1941
674,569
675,221
676,6880
677,4100
678,2347
679,95307
680,11961
681,1971
682,7035
683,3468
684,8765
685,583
686,1439
687,69810
688,8300
689,1183
690,663
691,319
692,2473
693,1651
694,10080
695,28127
696,1656
697,840
698,4484
699,1840
700,515
701,763
702,1958
703,19286
704,1256
705,622
706,893
707,4110
708,1959
709,2970
710,502
711,39389
712,6261
713,1186
714,11284
715,5042
716,1376
717,960
718,981
719,17251
720,8276
721,1013
722,837
723,3596
724,330
725,15220
726,10928
727,5337
728,898
729,3303
730,727
731,2456
732,2993
733,21179
734,1529
735,217
736,985
737,362
738,1094
739,1946
740,3428
741,4547
742,10345
743,1515
744,4118
745,31326
746,8149
747,2844
748,916
749,3210
750,2155
751,71585
752,744
753,2542
754,8832
755,6826
756,4336
757,6677
758,7565
759,395
760,10291
761,876
762,3758
763,17164
764,676
765,584
766,466
767,4880
768,723
769,1235
770,4339
771,41136
772,4362
773,77010
774,1180
775,361
776,2067
777,3056
778,5833
779,11619
780,583
781,684
782,310
783,1443
784,34689
785,0
786,0
787,656
788,1836
789,33807
790,217
791,370
792,6411
793,753
794,1650
795,1575
796,1268
797,713
798,3368
799,295
800,1366
801,4158
802,4276
803,2837
804,2391
805,125
806,260
807,2809
808,1673
809,7280
810,12486
811,504
812,2025
813,438
814,320
815,222
816,1395
817,2171
818,21869
819,3689
820,1107
821,387
822,17866
823,3065
824,7084
825,4584
826,0
827,0
828,1087
829,7840
830,2330
831,861
832,295
833,1028
834,271200
835,1707
836,1851
837,4381
838,4257
839,379
840,3085
841,3488
842,54484
843,1948
844,29396
845,960
846,2306
847,1892
848,208
849,1883
850,13100
851,3183
852,301
853,2826
854,1695
855,18058
856,4783
857,2507
858,678
859,92
860,812
861,696
862,746
863,180
864,1462
865,281
866,73532
867,75079
868,1729
869,2859
870,778
871,3590
872,17790
873,815
874,2317
875,3019
876,1022
877,939
878,4520
879,3139
880,2237
881,1092
882,1771
883,37042
884,3096
885,1341
886,183637
887,8302
888,80306
889,3647
890,374
891,1171
892,779
893,502
894,4166
895,927
896,2496
897,2240
898,1908
899,7377
900,18989
901,101
902,644
903,1318
904,9572
905,11166
906,2887
907,1705
908,1639
909,25236
910,876
911,76251
912,945
913,3416
914,2015
915,6017
916,7845
917,671
918,11892
919,12140
920,168
921,12653
922,13677
923,10597
924,843
925,2063
926,2681
927,123478
928,10791
929,34379
930,2405
931,2415
932,1145
933,1029
934,864
935,1705
936,647
937,9039
938,15839
939,1334
940,91960
941,1466
942,401
943,625
944,2675
945,120
946,16230
947,24835
948,8437
949,3912
950,3374
951,2261
952,7093
953,1406
954,5242
955,621
956,1727
957,1087
958,832
959,4567
960,4803
961,350967
962,3244
963,5479
964,24050
965,4610
966,1201
967,6484
968,675
969,5222
970,9230
971,839
972,1627
973,2695
974,4351
975,2511
976,5343
977,1142
978,1700
979,46102
980,0
981,31206
982,831
983,3108
984,153
985,4708
986,4290
987,3958
988,1444
989,11077
990,323
991,1069
992,4543
993,52811
994,2848
995,2595
996,17958
997,892
998,362
999,1093
1000,1382
1001,4257
1002,1257
1003,417
1004,3463
1005,3635
1006,1019
1007,21330
1008,4366
1009,1940
1010,247126
1011,41487
1012,938
1013,2624
1014,821
1015,527
1016,5436
1017,882
1018,802
1019,122
1020,5509
1021,3468
1022,163
1023,1294
1024,1178
1025,6558
1026,4240
1027,1191
1028,1017
1029,64971
1030,3372
1031,630
1032,802
1033,16044
1034,4290
1035,7362
1036,1245
1037,3502
1038,6361
1039,43254
1040,702
1041,126090
1042,851
1043,3474
1044,3585
1045,903
1046,158
1047,387
1048,30840
1049,1651
1050,2689
1051,12779
1052,1181
1053,1631
1054,3522
1055,9670
1056,678
1057,496
1058,6127
1059,2982
1060,5475
1061,683
1062,263
1063,920
1064,369
1065,489
1066,1835
1067,1997
1068,1511
1069,27331
1070,170
1071,282
1072,1700
1073,1622
1074,19511
1075,130
1076,421
1077,2251
1078,780
1079,99
1080,484
1081,16951
1082,3387
1083,1381
1084,809
1085,856
1086,154
1087,208
1088,2098
1089,9889
1090,546
1091,939
1092,1183
1093,543
1094,15422
1095,1593
1096,2112
1097,4853
1098,5098
1099,25368
1100,2176
1101,1740
1102,1089
1103,110
1104,1972
1105,2443
1106,1741
1107,4951
1108,1789
1109,1504
1110,1217
1111,207
1112,917
1113,7779
1114,447
1115,1289
1116,1965
1117,1904
1118,752
1119,1324
1120,70
1121,910
1122,765
1123,587
1124,11645
1125,1047
1126,386
1127,394
1128,2832
1129,1510
1130,4316
1131,808
1132,353
1133,230
1134,0
1135,1163
1136,6845
1137,142
1138,645
1139,7330
1140,1012
1141,4740
1142,31548
1143,1757
1144,261
1145,2125
1146,7887
1147,4579
1148,15062
1149,23212
1150,3260
1151,38
1152,90
1153,212
1154,2950
1155,638
1156,13356
1157,55590
1158,8629
1159,6002
1160,244
1161,4551
1162,720
1163,2867
1164,848
1165,13967
1166,136
1167,538
1168,2904
1169,701
1170,56
1171,1538
1172,1537
1173,2937
1174,22311
1175,17597
1176,659
1177,171
1178,2497
1179,678
1180,34930
1181,514
1182,519
1183,154
1184,18485
1185,1591
1186,2331
1187,1999
1188,2293
1189,959
1190,226
1191,700
1192,4254
1193,501
1194,69
1195,2583
1196,2304
1197,152
1198,927
1199,1997
1200,313
1201,512
1202,898
1203,415
1204,171
1205,31200
1206,712
1207,840
1208,8227
1209,263
1210,615
1211,11931
1212,73
1213,1460
1214,1843
1215,258
1216,2363
1217,1756
1218,969
1219,146
1220,799
1221,7612
1222,2084
1223,183
1224,8056
1225,1383
1226,675
1227,1770
1228,1195
1229,516
1230,119
1231,678
1232,1249
1233,2002
1234,507
1235,1304
1236,8546
1237,293
1238,1394
1239,1254
1240,12945
1241,1028
1242,4263
1243,678
1244,1701
1245,2735
1246,656
1247,234
1248,2215
1249,3352
1250,2522
1251,234
1252,605
1253,20579
1254,125
1255,2242
1256,3509
1257,1429
1258,2238
1259,152
1260,7354
1261,2483
1262,6459
1263,1528
1264,304
1265,2614
1266,175
1267,505
1268,24638
1269,6687
1270,5717
1271,1472
1272,929
1273,6945
1274,483
1275,391
1276,3306
1277,336
1278,11623
1279,993
1280,2224
1281,495
1282,1339
1283,261
1284,1142
1285,57
1286,1190
1287,3330
1288,2360
1289,286
1290,3874
1291,1063
1292,1550
1293,444
1294,1278
1295,83
1296,1443
1297,463
1298,157
1299,5412
1300,2073
1301,800
1302,276
1303,3901
1304,5851
1305,218
1306,177
1307,1993
1308,3194
1309,415
1310,1018
1311,864
1312,3316
1313,4357
1314,1673
1315,1745
1316,281
1317,16111
1318,660
1319,413
1320,7889
1321,3538
1322,569
1323,548
1324,2234
1325,3434
1326,738
1327,1179
1328,200
1329,2406
1330,53
1331,3763
1332,7581
1333,169
1334,386
1335,2191
1336,776
1337,706
1338,4089
1339,792
1340,1295
1341,610
1342,2170
1343,1952
1344,848
1345,815
1346,49
1347,1423
1348,1058
1349,468
1350,1574
1351,1221
1352,2372
1353,972
1354,2039
1355,2307
1356,798
1357,473
1358,668
1359,2868
1360,229
1361,1089
1362,140
1363,606
1364,452
1365,4241
1366,0
1367,4745
1368,1102
1369,283
1370,83521
1371,2823
1372,587
1373,492
1374,98
1375,454
1376,440
1377,6625
1378,744
1379,1474
1380,336
1381,1863
1382,18838
1383,2599
1384,839
1385,2632
1386,1107
1387,1895
1388,289
1389,565072
1390,157
1391,704
1392,369
1393,859
1394,221
1395,934
1396,1675
1397,504
1398,615
1399,77862
1400,168
1401,394
1402,2656
1403,5464
1404,3875
1405,2026
1406,2714
1407,10793
1408,411
1409,851
1410,437
1411,3072
1412,1754
1413,583
1414,343
1415,25974
1416,75
1417,762
1418,832
1419,379
1420,3721
1421,645
1422,119
1423,1228
1424,1249
1425,845
1426,736
1427,134
1428,555
1429,3692
1430,1918
1431,1321
1432,3459
1433,14891
1434,4791
1435,62792
1436,1522
1437,2653
1438,1232
1439,52481
1440,116
1441,1277
1442,1878
1443,2231
1444,2018
1445,2075
1446,3033
1447,2369
1448,3590
1449,67963
1450,4740
1451,481
1452,663
1453,85488
1454,4014
1455,199
1456,409
1457,5439
1458,992
1459,1851
1460,284
1461,117
1462,442
1463,1341
1464,680
1465,1538
1466,353
1467,9750
1468,11511
1469,17282
1470,9450
1471,67457
1472,5067
1473,47313
1474,1844
1475,494
1476,30425
1477,1173
1478,3763
1479,992
1480,1478
1481,1042
1482,7164
1483,1448
1484,21410
1485,2616
1486,13258
1487,3107
1488,1875
1489,1134
1490,4176
1491,1537
1492,1044
1493,791
1494,18184
1495,2102
1496,10226
1497,3363
1498,10395
1499,6136
1500,270
1501,37
1502,1321
1503,395
1504,1165
1505,107
1506,42526
1507,752
1508,4814
1509,1888
1510,422
1511,2424
1512,1397
1513,321
1514,119
1515,909
1516,43
1517,2145
1518,2131
1519,822
1520,3218
1521,1731
1522,416
1523,1415
1524,1257
1525,858
1526,4072
1527,13543
1528,3432
1529,253
1530,4739
1531,1973
1532,2083
1533,477
1534,3209
1535,14918
1536,4601
1537,2928
1538,940
1539,1455
1540,903
1541,3410
1542,303
1543,1915
1544,10103
1545,1063
1546,152
1547,30340
1548,1585
1549,983
1550,744
1551,142
1552,4491
1553,10447
1554,403
1555,1028
1556,2077
1557,495
1558,548
1559,1018
1560,2747
1561,7293
1562,238
1563,3628
1564,86586
1565,4345
1566,441
1567,1004
1568,4364
1569,1705
1570,687
1571,663
1572,220
1573,53
1574,1242
1575,1208
1576,522
1577,1122
1578,4828
1579,2159
1580,565
1581,503
1582,3014
1583,585
1584,265
1585,14374
1586,167
1587,118
1588,6299
1589,452
1590,1081
1591,454
1592,257
1593,1016
1594,6488
1595,13894
1596,215
1597,2210
1598,5014
1599,681
1600,697
1601,117
1602,3272
1603,7831
1604,959
1605,37193
1606,7723
1607,204
1608,3132
1609,2383
1610,0
1611,725
1612,24052
1613,231
1614,1069
1615,499
1616,18337
1617,3931
1618,4121
1619,334
1620,4632
1621,791
1622,516
1623,187
1624,1235
1625,4368
1626,238
1627,1373
1628,318
1629,187
1630,56
1631,894
1632,15983
1633,334
1634,1820
1635,1577
1636,3098
1637,2449
1638,133
1639,2234
1640,649
1641,24789
1642,337
1643,125576
1644,71082
1645,19475
1646,1821
1647,1267
1648,3120
1649,516
1650,1342
1651,142808
1652,525
1653,1587
1654,1037
1655,66967
1656,2279
1657,121
1658,399
1659,222
1660,50
1661,804
1662,9238
1663,698
1664,2915
1665,4128
1666,4914
1667,732
1668,13034
1669,1278
1670,2565
1671,2349
1672,16318
1673,583
1674,896
1675,444
1676,123
1677,931
1678,4769
1679,1298
1680,1711
1681,199
1682,408
1683,180382
1684,283947
1685,1259
1686,4026
1687,668
1688,38
1689,2081
1690,1409
1691,8965
1692,588
1693,13169
1694,1055
1695,217
1696,169
1697,1115
1698,2271
1699,2019
1700,4568
1701,396
1702,1647
1703,488
1704,1330
1705,416
1706,1733
1707,1119
1708,472
1709,584
1710,8304
1711,5448
1712,3395
1713,5860
1714,844
1715,693
1716,3442
1717,40
1718,5773
1719,1098
1720,293
1721,259
1722,427
1723,3627
1724,973
1725,2165
1726,2682
1727,1824
1728,2187
1729,33556
1730,140
1731,925
1732,4116
1733,137
1734,1109
1735,2238
1736,351
1737,1310
1738,7155
1739,228
1740,909
1741,215
1742,1708
1743,2189
1744,1566
1745,831
1746,997
1747,3083
1748,14116
1749,1289
1750,7349
1751,1154
1752,185
1753,4091
1754,215
1755,734
1756,1523
1757,61
1758,651
1759,12075
1760,6979
1761,3049
1762,1470
1763,1665
1764,2313
1765,134
1766,1985
1767,6824
1768,145
1769,1080
1770,1150
1771,1902
1772,496
1773,3580
1774,1793
1775,2266
1776,374
1777,2665
1778,761
1779,10568
1780,728
1781,389
1782,8203
1783,1977
1784,310
1785,6454
1786,329
1787,1834
1788,214
1789,285
1790,1615
1791,4711
1792,702
1793,411
1794,133
1795,2378
1796,781
1797,276
1798,572
1799,1576
1800,800
1801,538
1802,4434
1803,0
1804,2142
1805,1745
1806,251
1807,2082
1808,28497
1809,4302
1810,9251
1811,1633
1812,2655
1813,8413
1814,1005
1815,98
1816,2170
1817,12738
1818,1108
1819,1093
1820,2109
1821,66
1822,3299
1823,879
1824,876
1825,76
1826,845
1827,860
1828,9280
1829,273
1830,644
1831,690
1832,752
1833,184
1834,11328
1835,542
1836,359
1837,445
1838,150
1839,835
1840,67
1841,1926
1842,0
1843,15210
1844,1903
1845,179
1846,522
1847,2775
1848,1143
1849,1953
1850,2114
1851,24531
1852,736
1853,617
1854,736
1855,30459
1856,3708
1857,99
1858,1820
1859,11060
1860,2484
1861,404
1862,2096
1863,1954
1864,10070
1865,16342
1866,2081
1867,1035
1868,16446
1869,1958
1870,923
1871,42142
1872,2013
1873,869
1874,2828
1875,2677
1876,647
1877,3616
1878,1715
1879,660
1880,1492
1881,588
1882,2851
1883,18639
1884,315
1885,2416
1886,422
1887,1917
1888,1225
1889,121463
1890,660
1891,5656
1892,1295
1893,580
1894,360
1895,4061
1896,62167
1897,385
1898,913
1899,1673
1900,3726
1901,493
1902,144
1903,2130
1904,828
1905,381
1906,2912
1907,4833
1908,12926
1909,32263
1910,386
1911,533
1912,7057
1913,7389
1914,7654
1915,317
1916,21601
1917,177
1918,1453
1919,2425
1920,696
1921,1275
1922,1856
1923,71
1924,40891
1925,5674
1926,3744
1927,4235
1928,793
1929,2872
1930,1274
1931,492
1932,399
1933,584
1934,1576
1935,339
1936,1189
1937,20177
1938,459
1939,6130
1940,320
1941,237
1942,383
1943,4195
1944,590
1945,543
1946,4204
1947,21906
1948,1529
1949,14760
1950,1909
1951,7383
1952,677
1953,11069
1954,1001
1955,582
1956,5848
1957,1964
1958,1937
1959,2623
1960,380
1961,1043
1962,745
1963,778
1964,1063
1965,77
1966,3510
1967,72030
1968,435
1969,13573
1970,351
1971,228
1972,23002
1973,8050
1974,475
1975,11011
1976,293
1977,1262
1978,6122
1979,305
1980,1116
1981,1513
1982,875
1983,265
1984,2606
1985,532
1986,86
1987,425
1988,231
1989,90435
1990,7531
1991,133
1992,18086
1993,2541
1994,195
1995,1408
1996,183
1997,719
1998,2338
1999,2146
2000,77
2001,82
2002,1640
2003,177
2004,39903
2005,229
2006,8853
2007,367
2008,1046
2009,692
2010,848
2011,581
2012,165
2013,292
2014,586
2015,270
2016,2805
2017,1625
2018,775
2019,674
2020,167
2021,92
2022,205
2023,164
2024,67
2025,79
2026,191
2027,268
2028,854
2029,83
2030,2113
2031,237
2032,1057
2033,1959
2034,1844
2035,815
2036,2198
2037,96
2038,555
2039,545
2040,378
2041,322
2042,597
2043,257
2044,302
2045,350
2046,84
2047,408
2048,576
2049,235
2050,3823
2051,167
2052,422
2053,350
2054,148
2055,13322
2056,764
2057,11612
2058,795
2059,3053
2060,9405
2061,5565
2062,95
2063,1096
2064,151
2065,892
2066,665
2067,758
2068,1630
2069,734
2070,663
2071,95
2072,407
2073,438
2074,185
2075,1055
2076,1135
2077,78
2078,2151
2079,405
2080,605
2081,271
2082,9967
2083,844
2084,374
2085,53340
2086,235
2087,1354
2088,366
2089,17561
2090,548
2091,221
2092,52
2093,1200
2094,297
2095,4202
2096,156
2097,4632
2098,1361
2099,1459
2100,2691
2101,10241
2102,274
2103,1020
2104,489
2105,4911
2106,672
2107,5098
2108,248
2109,18036
2110,10007
2111,1682
2112,4618
2113,300
2114,183
2115,2554
2116,368
2117,512
2118,779
2119,404
2120,114236
2121,85410
2122,154
2123,92
2124,2682
2125,1086
2126,2244
2127,8174
2128,2048
2129,13533
2130,606
2131,1148
2132,2155
2133,1224
2134,467
2135,1626
2136,916
2137,13359
2138,1400
2139,431
2140,282
2141,161677
2142,12187
2143,10073
2144,218
2145,67553
2146,372
2147,23405
2148,2972
2149,25784
2150,6398
2151,12370
2152,854
2153,22960
2154,253
2155,70
2156,2929
2157,74677
2158,177
2159,130
2160,82
2161,5816
2162,77578
2163,164
2164,200
2165,127
2166,391
2167,9266
2168,239
2169,731
2170,7150
2171,11925
2172,636
2173,5313
2174,3037
2175,240
2176,602
2177,24
2178,142
2179,7730
2180,1156
2181,1322
2182,9999
2183,114
2184,727
2185,522
2186,1302
2187,1521
2188,909
2189,2693
2190,1642
2191,45
2192,13408
2193,976
2194,73
2195,5743
2196,1372
2197,7536
2198,970
2199,468
2200,5344
2201,208
2202,1054
2203,843
2204,464
2205,275
2206,195
2207,208
2208,5031
2209,5249
2210,3768
2211,863
2212,264
2213,0
2214,4878
2215,522
2216,598
2217,2293
2218,6745
2219,12461
2220,1277
2221,1236
2222,667
2223,211
2224,424
2225,90
2226,625
2227,628
2228,7890
2229,314
2230,436
2231,292
2232,157
2233,352
2234,118
2235,215
2236,1511
2237,4137
2238,6490
2239,847
2240,15634
2241,1076
2242,865
2243,4127
2244,244
2245,49
2246,1265
2247,1464
2248,988
2249,3656
2250,4113
2251,285
2252,3068
2253,467
2254,831
2255,12047
2256,144
2257,258
2258,1909
2259,3175
2260,0
2261,1090
2262,1113
2263,329
2264,3997
2265,173
2266,25578
2267,77
2268,440
2269,1521
2270,1713
2271,310
2272,3029
2273,171
2274,302
2275,9317
2276,1510
2277,2796
2278,7294
2279,276
2280,91
2281,1963
2282,920
2283,2144
2284,117
2285,3818
2286,4490
2287,2774
2288,751
2289,19881
2290,5445
2291,1149
2292,148814
2293,648
2294,702
2295,524
2296,3334
2297,699
2298,1897
2299,316
2300,217
2301,448
2302,515
2303,479
2304,75997
2305,416
2306,301
2307,391
2308,4840
2309,2462
2310,672
2311,15499
2312,138158
2313,5809
2314,4516
2315,1686
2316,5709
2317,6970
2318,3641
2319,1717
2320,1203
2321,163
2322,12073
2323,7655
2324,1695
2325,15454
2326,413
2327,1843
2328,51
2329,1508
2330,428
2331,540
2332,329
2333,104
2334,41361
2335,244
2336,4816
2337,38247
2338,2028
2339,569
2340,986
2341,299
2342,9695
2343,771
2344,330
2345,1039
2346,104
2347,211
2348,10738
2349,854
2350,469
2351,1283
2352,133
2353,1231
2354,1125
2355,194
2356,99
2357,2223
2358,934
2359,795
2360,844
2361,77
2362,550
2363,1449
2364,0
2365,759
2366,893
2367,222
2368,735
2369,300
2370,936
2371,243
2372,408
2373,118
2374,195
2375,17843
2376,371
2377,209
2378,3736
2379,4066
2380,512
2381,2935
2382,2604
2383,2045
2384,63
2385,980
2386,0
2387,1057
2388,1309
2389,8407
2390,2221
2391,0
2392,724
2393,919
2394,120
2395,86
2396,96
2397,497
2398,478
2399,491
2400,170
2401,261
2402,357
2403,766
2404,9545
2405,5910
2406,307
2407,8334
2408,186
2409,994
2410,69
2411,969
2412,642
2413,759
2414,267
2415,143
2416,634
2417,124
2418,8472
2419,1695
2420,6364
2421,158
2422,367
2423,1098
2424,29002
2425,196
2426,264
2427,32147
2428,2962
2429,1121
2430,2253
2431,1036
2432,44595
2433,1758
2434,320
2435,226
2436,371
2437,159
2438,41864
2439,176
2440,191
2441,1335
2442,480
2443,5595
2444,254
2445,108
2446,266
2447,2830
2448,287
2449,96
2450,1156
2451,31926
2452,302
2453,511
2454,923
2455,145
2456,599
2457,2954
2458,23280
2459,527
2460,98
2461,19676
2462,209
2463,376
2464,49
2465,1517
2466,561
2467,369
2468,294
2469,1238
2470,1059
2471,2417
2472,2295
2473,429
2474,473
2475,149
2476,220
2477,101
2478,283
2479,583
2480,463
2481,192459
2482,81589
2483,2093
2484,2191
2485,666
2486,291
2487,248
2488,20382
2489,3195
2490,751
2491,1040
2492,2442
2493,737
2494,11243
2495,30493
2496,1343
2497,734
2498,433
2499,610
2500,6945
2501,2036
2502,82
2503,4095
2504,899
2505,184
2506,81
2507,1775
2508,3246
2509,1430
2510,1480
2511,1632
2512,196
2513,276
2514,5242
2515,440
2516,369
2517,2911
2518,581
2519,11494
2520,135671
2521,98
2522,59
2523,1054
2524,8202
2525,513
2526,8557
2527,13799
2528,2047
2529,24181
2530,1093
2531,56
2532,36524
2533,0
2534,183
2535,451
2536,18152
2537,191
2538,302
2539,475
2540,19063
2541,449
2542,1331
2543,3093
2544,736
2545,2155
2546,870
2547,51
2548,2275
2549,296
2550,646
2551,79
2552,634
2553,348
2554,9377
2555,27704
2556,1896
2557,76
2558,157
2559,257
2560,1019
2561,350
2562,528
2563,2126
2564,1227
2565,1564
2566,672
2567,40
2568,240
2569,2316
2570,110
2571,56936
2572,2243
2573,2060
2574,1243
2575,107
2576,188
2577,2568
2578,18
2579,620
2580,577
2581,3602
2582,825
2583,3196
2584,8904
2585,1949
2586,82
2587,254
2588,407
2589,31
2590,219
2591,720
2592,232
2593,0
2594,2263
2595,210
2596,294
2597,963
2598,1092
2599,3189
2600,11286
2601,1808
2602,929
2603,340
2604,871
2605,24214
2606,5381
2607,1707
2608,352
2609,391
2610,4064
2611,697
2612,2991
2613,169
2614,2875
2615,91
2616,588
2617,71
2618,3816
2619,213
2620,9288
2621,66
2622,1319
2623,302
2624,561
2625,2114
2626,675
2627,708
2628,7811
2629,839
2630,362
2631,281
2632,210
2633,264
2634,36311
2635,124
2636,126
2637,2505
2638,325
2639,48
2640,4135
2641,166
2642,463
2643,344
2644,1792
2645,344
2646,508
2647,0
2648,696
2649,3705
2650,16
2651,216
2652,1204
2653,19842
2654,414
2655,10669
2656,194
2657,2814
2658,5456
2659,375
2660,1443
2661,7062
2662,904
2663,2333
2664,505
2665,228
2666,1896
2667,1751
2668,1109
2669,1155
2670,1550
2671,18546
2672,204
2673,6541
2674,10964
2675,6304
2676,48149
2677,38884
2678,1811
2679,119
2680,1522
2681,457
2682,774
2683,4504
2684,555
2685,1817
2686,41319
2687,1771
2688,183
2689,2837
2690,40569
2691,1362
2692,477
2693,51
2694,2329
2695,5380
2696,384
2697,149
2698,921
2699,101
2700,386
2701,0
2702,9948
2703,174
2704,620
2705,1026
2706,747
2707,245
2708,1013
2709,384
2710,817
2711,3019
2712,29
2713,542
2714,11502
2715,718
2716,836
2717,431
2718,4378
2719,6351
2720,19403
2721,18646
2722,2348
2723,3695
2724,202
2725,3936
2726,326
2727,3108
2728,109
2729,28134
2730,83
2731,191
2732,520
2733,99
2734,693
2735,40
2736,1667
2737,21462
2738,172
2739,287
2740,77
2741,32
2742,2701
2743,125455
2744,2461
2745,2516
2746,83970
2747,73295
2748,33550
2749,3411
2750,192
2751,4253
2752,20208
2753,5369
2754,16775
2755,758
2756,3429
2757,19745
2758,0
2759,9724
2760,14320
2761,3955
2762,15840
2763,4445
2764,56361
2765,8355
2766,4146
2767,35436
2768,10544
2769,24737
2770,1777
2771,9871
2772,15145
2773,1588
2774,0
2775,2676
2776,3992
2777,5030
2778,0
2779,0
2780,0
2781,14806
2782,2150
2783,5656
2784,27522
2785,4996
2786,9930
2787,4478
2788,1596
2789,6959
2790,17491
2791,4698
2792,29229
2793,1558
2794,5387
2795,2166
2796,5242
2797,11420
2798,6169
2799,5676
2800,1605
2801,1767
2802,930
2803,1533
2804,3769
2805,742
2806,2682
2807,6317
2808,8708
2809,1177
2810,2748
2811,1611
2812,5394
2813,1113
2814,5848
2815,6010
2816,2191
2817,8090
2818,10004
2819,3916
2820,5204
2821,1520
2822,20189
2823,17286
2824,1518
2825,1361
2826,2655
2827,79719
2828,6482
2829,0
2830,1294
2831,2718
2832,47508
2833,9345
2834,24260
2835,1368
2836,93796
2837,7679
2838,1944
2839,32744
2840,2653
2841,21014
2842,5697
2843,1664
2844,1243
2845,1667
2846,1750
2847,3390
2848,30
2849,2386
2850,2100
2851,2282
2852,889
2853,1131
2854,3207
2855,1347
2856,2284
2857,2833
2858,2102
2859,837
2860,12873
2861,3084
2862,1689
2863,28189
2864,8140
2865,0
2866,12431
2867,46665
2868,111019
2869,8794
2870,75740
2871,4364
2872,29640
2873,80431
2874,13836
2875,20916
2876,72
2877,23427
2878,119325
2879,2088
2880,118977
2881,62226
2882,0
2883,22241
2884,47111
2885,4841
2886,21621
2887,8613
2888,49633
2889,5625
2890,67
2891,1467
2892,80
2893,107
2894,6655
2895,151
2896,1249
2897,398
2898,73
2899,46
2900,414
2901,432
2902,130
2903,450
2904,193
2905,2211
2906,1808
2907,454
2908,5457
2909,3609
2910,294
2911,10871
2912,3270
2913,2675
2914,654
2915,1621
2916,113
2917,20
2918,1572
2919,130
2920,691
2921,535
2922,5791
2923,249
2924,2530
2925,371
2926,1511
2927,0
2928,31499
2929,528
2930,260
2931,1710
2932,342
2933,246
2934,219
2935,151
2936,579
2937,14036
2938,211
2939,119
2940,77
2941,3577
2942,675
2943,149
2944,950
2945,2911
2946,3825
2947,573
2948,14810
2949,460
2950,0
2951,720
2952,1156
2953,0
2954,439
2955,582
2956,20752
2957,3539
2958,1252
2959,498
2960,172
2961,300
2962,128
2963,91
2964,355
2965,7125
2966,6322
2967,98
2968,304
2969,51
2970,393
2971,13225
2972,410
2973,1447
2974,338
2975,45
2976,1959
2977,420
2978,462
2979,619
2980,413
2981,244
2982,1022
2983,133
2984,374
2985,379
2986,49
2987,856
2988,319
2989,98
2990,205
2991,2302
2992,54
2993,1953
2994,1343
2995,478
2996,586
2997,122
2998,499
2999,396
3000,2764
3001,294
3002,800
3003,516
3004,113
3005,229
3006,658
3007,46
3008,13735
3009,151
3010,269
3011,384
3012,784
3013,1596
3014,66
3015,367
3016,253
3017,1858
3018,1207
3019,220
3020,2390
3021,308
3022,407
3023,54
3024,1861
3025,826
3026,1964
3027,990
3028,158
3029,296
3030,35765
3031,4202
3032,593
3033,242
3034,1312
3035,636
3036,712
3037,1880
3038,407
3039,71
3040,289
3041,904
3042,51
3043,97
3044,3970
3045,237
3046,258
3047,60
3048,220
3049,168
3050,786
3051,453
3052,151
3053,841
3054,107
3055,112559
3056,24650
3057,251
3058,19279
3059,811
3060,370
3061,52340
3062,112
3063,0
3064,60
3065,97
3066,253
3067,29211
3068,330
3069,41
3070,697
3071,215
3072,36
3073,232
3074,737
3075,743
3076,6778
3077,273
3078,200
3079,818
3080,4146
3081,21709
3082,17450
3083,103
3084,1578
3085,78
3086,574
3087,128
3088,3720
3089,53821
3090,85
3091,55368
3092,298
3093,146
3094,3229
3095,161
3096,115
3097,12648
3098,51
3099,834
3100,876
3101,56516
3102,85
3103,81
3104,440
3105,1163
3106,216
3107,133
3108,133
3109,95
3110,280
3111,33
3112,785
3113,237
3114,82
3115,372
3116,269
3117,236
3118,91
3119,309
3120,696
3121,3353
3122,75
3123,1291
3124,238
3125,4428
3126,9856
3127,2124
3128,165
3129,111
3130,1171
3131,1385
3132,239
3133,630
3134,107266
3135,1521
3136,632
3137,656
3138,674
3139,118
3140,4550
3141,840
3142,656
3143,244
3144,1933
3145,144
3146,631
3147,206
3148,19
3149,9
3150,23
3151,498
3152,202
3153,894
3154,62
3155,240
3156,199
3157,90555
3158,521
3159,198
3160,174
3161,813
3162,511
3163,136
3164,20
3165,643
3166,24567
3167,45
3168,331
3169,11169
3170,132
3171,15
3172,107
3173,437
3174,97
3175,224
3176,1423
3177,96
3178,518
3179,591
3180,64
3181,604
3182,2574
3183,3088
3184,537
3185,153
3186,1423
3187,1047
3188,1529
3189,192
3190,163
3191,1208
3192,1904
3193,219
3194,3663
3195,162
3196,5209
3197,92
3198,571
3199,336
3200,991
3201,160
3202,242
3203,59
3204,293
3205,1187
3206,995
3207,101
3208,153
3209,186
3210,570
3211,398
3212,157
3213,5572
3214,470
3215,124
3216,2342
3217,404
3218,195
3219,544
3220,550
3221,215
3222,21
3223,163
3224,777
3225,2970
3226,459
3227,144
3228,29
3229,39
3230,177
3231,0
3232,3304
3233,149
3234,633
3235,177
3236,1277
3237,166
3238,4723
3239,233
3240,724
3241,131
3242,467
3243,95
3244,276
3245,171
3246,260
3247,99
3248,677
3249,188248
3250,105
3251,13021
3252,230
3253,282
3254,9672
3255,2860
3256,56
3257,37
3258,192
3259,11304
3260,146
3261,247
3262,260
3263,351
3264,35730
3265,2325
3266,381
3267,5780
3268,1275
3269,62
3270,294
3271,4861
3272,339
3273,163
3274,153
3275,14
3276,141
3277,100
3278,284
3279,80
3280,113
3281,1530
3282,2579
3283,398
3284,44
3285,186
3286,200
3287,269
3288,152
3289,15
3290,164
3291,380
3292,605
3293,231
3294,97
3295,85
3296,70
3297,768
3298,1180
3299,1537
3300,170
3301,1694
3302,5109
3303,30
3304,92
3305,534
3306,201
3307,29
3308,3003
3309,5235
3310,50
3311,1550
3312,5157
3313,2613
3314,61
3315,39
3316,11213
3317,133
3318,184
3319,134
3320,259
3321,502
3322,74
3323,177
3324,67
3325,202
3326,201
3327,309
3328,371
3329,88
3330,50
3331,215
3332,294
3333,136
3334,5078
3335,45
3336,191
3337,15192
3338,14738
3339,268
3340,5699
3341,18
3342,15535
3343,611
3344,148
3345,144
3346,965
3347,194
3348,1195
3349,217
3350,45
3351,71
3352,3546
3353,3124
3354,4790
3355,115
3356,268
3357,346
3358,539
3359,11
3360,180
3361,112
3362,118
3363,860
3364,158
3365,53
3366,57
3367,224
3368,1172
3369,38
3370,93
3371,73
3372,113
3373,164
3374,2906
3375,774
3376,119
3377,90
3378,201
3379,38
3380,168
3381,925
3382,54
3383,8184
3384,680
3385,287
3386,70
3387,61
3388,36
3389,131
3390,261
3391,60
3392,123
3393,2592
3394,506
3395,40
3396,1588
3397,280
3398,4509
3399,5998
3400,10128
3401,169
3402,146
3403,152
3404,30613
3405,91
3406,542
3407,87
3408,134
3409,510
3410,17585
3411,32
3412,68
3413,209
3414,1697
3415,56
3416,786
3417,406
3418,4410
3419,67
3420,401
3421,74
3422,264
3423,100
3424,4876
3425,1140
3426,387
3427,172
3428,264
3429,7111
3430,18487
3431,17396
3432,143
3433,69
3434,20
3435,7942
3436,509
3437,18
3438,7
3439,99
3440,1254
3441,0
3442,174
3443,124
3444,74080
3445,1296
3446,196
3447,8394
3448,3889
3449,150
3450,1610
3451,63
3452,3066
3453,121
3454,1397
3455,210
3456,1902
3457,734
3458,134
3459,205
3460,67
3461,94
3462,67
3463,109
3464,225
3465,26
3466,189
3467,30
3468,124
3469,146
3470,80
3471,163
3472,5885
3473,127
3474,307
3475,3267
3476,4363
3477,2501
3478,74
3479,93983
3480,11299
3481,206
3482,166
3483,1208
3484,31
3485,57
3486,583
3487,457
3488,2979
3489,320
3490,170
3491,1503
3492,31
3493,42
3494,45
3495,912
3496,43
3497,26
3498,640
3499,3665
3500,546
3501,31
3502,392
3503,24
3504,419
3505,179
3506,381
3507,36
3508,72
3509,6948
3510,389
3511,133
3512,363
3513,201
3514,642
3515,116
3516,2978
3517,150
3518,31
3519,290
3520,188
3521,3307
3522,362
3523,165
3524,281
3525,4497
3526,1895
3527,60338
3528,164
3529,4228
3530,3834
3531,2254
3532,9849
3533,1734
3534,13090
3535,0
3536,11424
3537,19717
3538,83368
3539,940
3540,15490
3541,21866
3542,784
3543,0
3544,35073
3545,3131
3546,3145
3547,775
3548,2540
3549,15299
3550,3376
3551,17108
3552,28075
3553,4216
3554,564
3555,9467
3556,8400
3557,783
3558,13730
3559,127
3560,517
3561,0
3562,42
3563,1461
3564,3179
3565,0
3566,10399
3567,333
3568,4879
3569,18413
3570,3617
3571,33484
3572,14039
3573,4178
3574,3763
3575,9335
3576,548
3577,408929
3578,5160
3579,2688
3580,4147
3581,2561
3582,8032
3583,26616
3584,10234
3585,1455
3586,427
3587,12449
3588,4235
3589,2492
3590,66441
3591,318
3592,1541
3593,2898
3594,18156
3595,616
3596,2176
3597,18260
3598,9281
3599,23804
3600,4813
3601,990
3602,11277
3603,3406
3604,3328
3605,8943
3606,6064
3607,9822
3608,84528
3609,121
3610,1654
3611,543
3612,1090
3613,8358
3614,203
3615,2404
3616,902
3617,49143
3618,2218
3619,29896
3620,5123
3621,4732
3622,16
3623,29344
3624,996
3625,5391
3626,4273
3627,1294
3628,5291
3629,147299
3630,27910
3631,762
3632,35294
3633,12140
3634,2081
3635,1305
3636,858
3637,3417
3638,909
3639,33544
3640,0
3641,2667
3642,31418
3643,1404
3644,1369
3645,0
3646,2477
3647,0
3648,3269
3649,956
3650,20984
3651,10204
3652,4866
3653,2540
3654,447
3655,0
3656,5652
3657,122
3658,5444
3659,4741
3660,2057
3661,9038
3662,7579
3663,42407
3664,13035
3665,251
3666,545
3667,597
3668,643
3669,104
3670,6301
3671,2859
3672,186
3673,85578
3674,9400
3675,9808
3676,1334
3677,694
3678,424
3679,1951
3680,590
3681,4605
3682,2034
3683,1961
3684,0
3685,85
3686,2594
3687,0
3688,1115
3689,649
3690,0
3691,0
3692,35
3693,85
3694,7918
3695,10457
3696,225
3697,145773
3698,10590
3699,226
3700,595
3701,264
3702,1101
3703,48256
3704,22383
3705,157
3706,1865
3707,2
3708,2023
3709,2065
3710,563
3711,1806
3712,160
3713,1371
3714,3267
3715,0
3716,4751
3717,1977
3718,767
3719,4285
3720,3091
3721,3195
3722,36654
3723,332379
3724,12001
3725,30380
3726,2077
3727,0
3728,2897
3729,6953
3730,980
3731,8552
3732,155
3733,1162
3734,613
3735,3018
3736,730
3737,749
3738,232
3739,968
3740,13432
3741,29797
3742,14141
3743,11683
3744,3871
3745,6587
3746,4864
3747,774
3748,3445
3749,9987
3750,78585
3751,4477
3752,3634
3753,1383
3754,1535
3755,785
3756,3351
3757,22679
3758,15282
3759,6436
3760,1124
3761,1152
3762,4760
3763,22620
3764,2271
3765,1676
3766,16393
3767,18680
3768,9094
3769,18787
3770,3604
3771,2875
3772,572
3773,9339
3774,18166
3775,902
3776,30362
3777,6212
3778,555
3779,39343
3780,350
3781,49
3782,0
3783,1048
3784,612
3785,6479
3786,2152
3787,570
3788,0
3789,12462
3790,67
3791,0
3792,1178
3793,2936
3794,40
3795,40
3796,1562
3797,270
3798,38228
3799,64231
3800,4652
3801,1811
3802,72
3803,171
3804,28051
3805,321
3806,111
3807,185
3808,1355
3809,51
3810,0
3811,91
3812,7065
3813,73
3814,5
3815,32
3816,69770
3817,3228
3818,23390
3819,95
3820,202
3821,225
3822,452
3823,536
3824,113
3825,76
3826,144
3827,12
3828,13703
3829,166
3830,65
3831,0
3832,585
3833,222
3834,148
3835,337
3836,370
3837,664
3838,66
3839,78
3840,693
3841,69
3842,86
3843,607
3844,157
3845,17944
3846,188
3847,53
3848,656
3849,171
3850,25
3851,111
3852,17
3853,260
3854,28
3855,86
3856,45
3857,70
3858,119
3859,17316
3860,156
3861,134
3862,73
3863,139
3864,27
3865,77
3866,32
3867,100
3868,119
3869,62
3870,523
3871,17942
3872,76
3873,181
3874,151
3875,332
3876,1957
3877,196
3878,311
3879,786
3880,797
3881,91
3882,390
3883,3064
3884,36
3885,150
3886,96
3887,48
3888,30
3889,2748
3890,259
3891,30
3892,245
3893,60
3894,26
3895,78
3896,868
3897,75
3898,130
3899,238
3900,87
3901,38
3902,109
3903,116
3904,187
3905,231
3906,42
3907,41
3908,159
3909,26
3910,62
3911,134
3912,58
3913,461
3914,607
3915,129
3916,26
3917,91
3918,137
3919,50
3920,152
3921,18
3922,95
3923,104
3924,83
3925,207
3926,50
3927,315
3928,65
3929,31
3930,31
3931,20
3932,78
3933,46
3934,44
3935,78
3936,125
3937,158
3938,30
3939,268
3940,33
3941,27495
3942,240
3943,44
3944,544
3945,14
3946,444
3947,147
3948,194
3949,121
3950,100
3951,152
3952,43
3953,86
3954,83
3955,311
3956,12
3957,78
3958,23
3959,165
3960,96
3961,157
3962,74
3963,26
3964,90
3965,23
3966,94
3967,23483
3968,55
3969,30
3970,140
3971,291
3972,39
3973,157
3974,93
3975,43
3976,195
3977,2527
3978,30008
3979,1332
3980,71170
3981,0
3982,7552
3983,6032
3984,0
3985,0
3986,18735
3987,16449
3988,0
3989,0
3990,25432
3991,7268
3992,33180
3993,4880
3994,0
3995,0
3996,2471
3997,1823
3998,0
3999,0
4000,4456
4001,1326
4002,7734
4003,65604
4004,48612
4005,0
4006,2022
4007,1313
4008,0
4009,2145
4010,2653
4011,7758
4012,0
4013,12644
4014,322037
4015,0
4016,40993
4017,3771
4018,266679
4019,54100
4020,340
4021,164
4022,161
4023,98
4024,51763
4025,70
4026,250
4027,91
4028,494
4029,177
4030,111
4031,69
4032,20
4033,61
4034,37
4035,54
4036,61
4037,61
4038,54
4039,42
4040,89
4041,86
4042,563
4043,618
4044,108
4045,72
4046,49
4047,35
4048,82
4049,152
4050,118
4051,142
4052,69
4053,592
4054,56
